Broker,FRN,Status,Location,Broker Type
4MM Ltd/Motorly,947962,Active,England,Finance
Accept Car Credit.com,711589,Active,England,Finance
Auto Finance,312683,Active,England,Finance
Auto Finance Online Limited/Auto Finance Online,832181,Active,England,Finance
AutoFunder.co.uk,723630,Active,England,Finance
Automotive Online Ltd/Quick Car Finance,764855,Active,England,Finance
Autozone UK Limited,650979,Active,England,Finance
Better Finance UK,951972,Active,Wales,Finance
Blue Fish Partnership Limited,,Disolved,England,Finance
"BMG FG (UK) Ltd/Wallace Bohen Ltd (""Parent"" to BrightCar)",928674,Active,England,Finance
Bright Car Finance Limited,927809,Active,England,Finance
Capital Fleet Solutions,816974,Active,England,Finance
Car Finance 2 U Limited,,Disolved,England,Finance
Car Finance Genie/Reynolds & Stein Company Ltd,938367,Active,England,Finance
Car Loans UK/BMG FG (UK) LTD,928674,Active,England,Finance
Carfinance247,653019,Active,England,Finance
CarFinanceCompany Ltd,,,England,Finance
CarLoan2day/Penrican Credit Limited,305661,Active,England,Finance
Carloans 365/HT Finance Ltd,821383,Active,England,Finance
CarMoney,674094,Active,Scotland,Finance
Carplus (F&I Online Limited),731217,Active,England,Finance
Castle Credit Finance Limited/Castle Credit Finance/Auto Finance 4 U,702774,Disolved,England,Finance
Choose My Finance/Caerus Capital Limited,802631,Active,England,Finance
Creditas Financial Solutions,661849,Active,England,Finance
Dorsia Finance Ltd,676452,Active,England,Finance
DSG Financial Services Ltd,649675,Active,England,Finance
EFT Finance Ltd,667290,Active,England,Finance
Evolution Funding,823324,Active,England,Finance
Finance Link,,Disolved,England,Finance
Find Car Finance (Sandhurst Associates Ltd),723591,Active,England,Finance
Finset Limited,987805,Active,England,Finance
First Vehicle Finance,658976,Active,England,Finance
Flamingo Car Finance/Flamingo Associates Ltd,808522,Active,England,Finance
Future Car Credit/Zest Vehicle Leasing Ltd,920621,Active,England,Finance
Happy Motor Finance Limited,989250,Active,England,Finance
Holmesdale Finance Limited,794742,Active,England,Finance
I3 TECHNOLOGY GROUP LIMITED/Motor.Market,915462,Disolved,England,Finance
Jigsaw Finance,679612,Active,England,Finance
Jump Car Finance/Jump Finance Ltd/Credit Plus,953084,Active,England,Finance
Kandoo Car Credit Ltd,936619,Active,England,Finance
Kennah Motor Credit,,Disolved,England,Finance
Lillian Stanley Financial Services,838153,Active,England,Finance
London & Surrey Motor Finance Ltd,668758,Disolved,England,Finance
Luv Financial Solutions Limited- Luv Car Loans,631264,Active,England,Finance
Mallard Leasing Limited/Mallard Vehicle Finance/Mallard Finance,300352,Active,England,Finance
Martin Duckworth Limited/ITC Compliance Limited,313486,Active,England,Finance
Match Me Car Finance Ltd/Match Me Car Finance,803714,Active,England,Finance
Midlands Asset Finance Limited/MAF Finance Group,734580,Active,England,Finance
Motion Finance 2017 Limited/Motion Finance,669390,Active,England,Finance
Motiv Finance,827288,Active,England,Finance
MOTOR LAND LTD,979222,Active,England,Finance
My Credit Score Ltd/CarFinance4U,713043,Active,England,Finance
North Herts Loan Company LTD,,Disolved,England,Finance
Oasis Motor Finance Limited,757830,Active,England,Finance
Octane - WEFAC ( SS11HX),912888,Active,England,Finance
Oracle Car Finance,662576,Active,England,Finance
Pinnacle Financial Contracts Ltd/motor finance 4u,668117,Active,England,Finance
Quick Car Credit Ltd/Quick Car Credit,658361,Active,England,Finance
Streamline Car Finance Ltd,988683,Active,England,Finance
Superbike Loans Limited/Superbike Loans,671579,Active,England,Finance
TAL Marketing Group Limited t/a newlookloans,968428,Active,England,Finance
The Car Loan Warehouse Ltd,662397,Active,England,Finance
The Vehicle Financer (CW121BN),,,England,Finance
Ucan Financial Services Ltd,497010,Active,England,Finance
UK Car Finance,,,England,Finance
Unity Auto Finance Ltd,630103,Active,England,Finance
V12 Sports And Classics Ltd/Automotive Compliance Ltd,497010,Active,England,Finance
Vizion Autos Ltd,920157,Active,England,Finance
What Credit Ltd,,Disolved,England,Finance
Whichdeal Ltd/Creditplus,456327,Administration,England,Finance
Yarlet Cars Limited/Click Car Credit,769752 / 767296,Administration,England,Finance
Zuto Limited,452589,Active,England,Finance
Eurodrive Motor Finance/European Vehicle Contracts Limited,649225,Active,England,Finance
1st Choice Cars Larkanshire,,,,Dealer
A1 Carriages Sales Ltd (DA14AW),3709131,Active,England,Dealer
All Electric Garages Group,307863,Active,England,Dealer
Allen Motor Group,710890,Active,England,Dealer
Altringham car sales,,,England,Dealer
Arby Autos CU12 8AG,,,,Dealer
Arnold Clark,308092,Active,Scotland,Dealer
Ashby Motors Ltd,967455,Active,England,Dealer
Autopoint York,707060,Active,England,Dealer
Best Price Cars Ltd/WOOCARZ.CO.UK/WOOCARS.CO.UK,626798,Active,England,Dealer
Bizcar (Bangkok),N/A,Active,,Dealer
BM Motors,968147,Active,England,Dealer
BMC (Grays) Limited,697428,Active,England,Dealer
Bridge End Motors,648840,Active,England,Dealer
Bristol Street Motors/Vertu,307324,Active,England,Dealer
Broadway Van Centre Ltd,668114,Active,Wales,Dealer
Buy From Us Auto Park Limited/Autopark UK,766441,Active,England,Dealer
Car Giant Limited/Cargiant,307782,Active,England,Dealer
Car Hub - Car dealer Harlow,653129,Active,England,Dealer
Car shop cardiff (SYNTR),447727,Disolved,Wales,Dealer
Car World Ltd,547472,Active,England,Dealer
CARCRAFT IP CO LIMITED,976908,Active,England,Dealer
Cartec Motor Company Limited,650746,Active,England,Dealer
Central Car Sales Ltd (Lincoln),784613,Active,England,Dealer
Century Motors (Sheffield),660553,Active,England,Dealer
Cheshire Car Finance Ltd,679756,Active,England,Dealer
Cheshire Motor Traders Limited,747045,Active,England,Dealer
Concept Car Credit Limited,659076,Active,England,Dealer
Cotswolds cars & commercials ltd,,,England,Dealer
Cradley Heath Motor Co Ltd,675481,Active,England,Dealer
Cross Street Garage Swindon,,Active,England,Dealer
Crowned Eagle Ltd,674987,Active,England,Dealer
Croyland car megastore,503539,Active,England,Dealer
Cuckfield Motor Company Limited,668602,Active,England,Dealer
Cyprus Garage Limited,629700,Active,England,Dealer
Discount Cars (South East) Ltd,665795,Active,England,Dealer
Drive Motor Retail Limited & Minstergate Limited,670727,Active,,Dealer
East Devon automotive ltd,713950,Active,England,Dealer
Easy Car Finance (St13NQ),,,England,Dealer
Evans Halshaw,464583,Active,England,Dealer
Falling Lane Cars (UB78AAA),668266,Active,England,Dealer
Fengate Motors,631736,Active,England,Dealer
Fiveways Motorcycle Centre LTD,497010,Active,,Dealer
Fords of Winsford Limited/FOW/Graham Bell Ltd,990236,Active,England,Dealer
Glyn Hopkin Group,313486,Active,England,Dealer
Grashibul Automotive Services,,,,Dealer
Greenacre Clitheroe Honda(Marshall),310503,Active,England,Dealer
Hallmark Cars (Freckleton) Limited,679747,Active,England,Dealer
Harley Motors Ltd,626803,Active,England,Dealer
Haslucks Green Motor Company Limited,835320,Active,England,Dealer
Hawkins Motors Ltd,308817,Active,England,Dealer
Hendy Group Limited,311625,Active,England,Dealer
Hexton Cars Ltd,,,,Dealer
Hippo Vehicle Solutions Limited/Hippo Finance/Hippo Motor Group,658076,Active,England,Dealer
Hygrange Ltd,,Dissolved,England,Dealer
International Motors Finance Limited,725002,Active,Wales,Dealer
Irvine Car Centre (KA12ODA),673082,Active,Scotland,Dealer
JCT600 LTD/JCT 600 (Rawdon) LTD/JCT600 (South Yorkshire) LTD,313486,Active,England,Dealer
Launceston Commercials Ltd,,,,Dealer
Like Car Finance,719643,Active,England,Dealer
Listers Group Ltd,311543,Active,England,Dealer
Lloyd Motor Group,948182,Active,England,Dealer
Lookers Motor Group Limited,309424,Active,England,Dealer
Magna Five Ltd,,Active,,Dealer
Magna Motor Group Ltd,953935,Active,England,Dealer
Majestic Garage (Dorset),,,England,Dealer
Manor Wood Cars Ltd,714896,Active,England,Dealer
Marshall Motor Group,310503,Active,England,Dealer
Martin Brothers Motor Company Ltd,,Dissolved,England,Dealer
Mathers Motor Company Ltd/Get Car Finance Here,655143,Active,England,Dealer
Maximum Car Credit Ltd,691782,Active,England,Dealer
Micheal Kiernan Cars Ltd,,,,Dealer
Midland Car Group,735711,Active,England,Dealer
MK Auto-Motors Limited,773874,Active,England,Dealer
MKC Motor Group Limited,786275,Active,England,Dealer
MOTOR LAND 2008 LIMITED,666717,Active,England,Dealer
Motor link cars / Motor Link Cars,653019?,Active,England,Dealer
Motor Outlet Limited/Motor Range,655751,Active,England,Dealer
Motoring Depot (Scunthorpe),,,England,Dealer
Motorpoint Ltd,684004,Active,England,Dealer
Mr Motorz Limited,786917,Active,England,Dealer
N&N Motors Ltd,655715,Active,England,Dealer
Niddrie Motor Company,509844,Active,Scotland,Dealer
NVD LTD/Brooklands Motor Centres,652893,Active,England,Dealer
OMC Changan - Accrington,307305,Active,England,Dealer
OMC Changan - Oldham,307305,Active,England,Dealer
OMC Ford Accrington,307305,Active,England,Dealer
OMC Ford Rochdale,307305,Active,England,Dealer
OMC Ford Transit Centre,307305,Active,England,Dealer
OMC KIA Oldham,307305,Active,England,Dealer
OMC Kia PBV Oldham,307305,Active,England,Dealer
OMC Motor Group,307305,Active,England,Dealer
Optimum Bikes Ltd,787177,Active,England,Dealer
Optimum Vehicle Group,657828,Active,England,Dealer
Optimum Vehicles,,,,Dealer
P.W.Millar Limited,671777,Active,Wales,Dealer
Park’s of Hamilton (Holdings) Ltd/Park’s of Hamilton (Townhead Garage) Ltd,308476,Active,Scotland,Dealer
Porsche Centre/Pendragon Sabre Limited,312666,Active,England,Dealer
PSD Car Sales,,,,Dealer
Quarterbridge Cars Limited,955327,Active,England,Dealer
R&S Performance NW Ltd,829838,Active,England,Dealer
RDM DIRECT LIMITED,747561,Active,England,Dealer
Really Easy Car Credit,689921,Active,England,Dealer
REGENCY CARS NEWTOWNARDS LIMITED,660161,Active,England,Dealer
Richmond Car Sales (Hyde),653112,Active,England,Dealer
Rix Motor Company Ltd,656238,Active,England,Dealer
Robert Edward Norridge/Moxley Car Centre,744964,Active,England,Dealer
Romiley car sales,780106,Active,England,Dealer
RRG,668548,Active,England,Dealer
Runnymede Motor Company Ltd,747300,Active,England,Dealer
Sarah Cox Cars Ltd,428785,Active,England,Dealer
SJA vehicle sales ltd/Odyssey Vans Limited,820144,Active,England,Dealer
Skymotion / Skyeautos ltd,,Disolved,England,Dealer
Steven Eagell Group Ltd,671531,Active,England,Dealer
Stewart Vehicles Ltd (TQ125UA),952207,Active,England,Dealer
Stoneacre/Decidebloom Limited,308726,Active,England,Dealer
Suffolk Car Centre Limited,800559,Active,England,Dealer
Superbike Factory ltd,649102,Active,England,Dealer
Sytner Group/Guy Salmon,310540,Active,England,Dealer
The Car Link South Wales,834692,Active,Wales,Dealer
The Value Car Centre,657461,Active,England,Dealer
Thunder Road Motor Cycles Ltd,497010,Dissolved,England,Dealer
Tiley Motors Ltd,845931,Active,England,Dealer
Tony Luxford / Lytham car sales,716756,Active,England,Dealer
Toomey Motor Group Limited/ITC Compliance Limited,313486,Active,England,Dealer
Town Autos Limited Bedford,685821,Active,England,Dealer
Trade Centre,689365,Active,England,Dealer
TTS Car Sales,659809,Active,England,Dealer
Tunstall Trade Car Sales,,Dissolved,,Dealer
V&M Enterprises Ltd/Prime Motors Essex,783772,Active,,Dealer
Van Finance Company /Vansco Ltd,673442,Active,England,Dealer
Van Monster Bristol,,,,Dealer
Vospers Motor House Ltd/Vospers,310773,Active,England,Dealer
W.Brindley(Garages)Limited,689220,Active,England,Dealer
Walter Marks Cars,,,England,Dealer
Warsop Motor Company Limited/Warsop Motors/ITC Compliance Ltd,313486,Active,England,Dealer
Waterlooville Car Supermarket,,,England,Dealer
Whatever Wheels Ltd,723304,Active,England,Dealer
Williams Motor Co (Holdings) Ltd,412069,Active,England,Dealer
Woodcrate Motors Ltd (S711HX),781943,Active,England,Dealer
OMC Ford Oldham,,,,Dealer
DW Motorcycles,,,,Dealer
Bees Motors (PE389NP),,,,Dealer
KBC INT LTD/Kings Bromley Cars Ltd,,,,Dealer
Canvey Carridge Company,,,,Dealer
Whitegate Motors (Blackpool),,,,Dealer
Bellevue Garage Limited,,,,Dealer
KT Cars Ltd,,,,Dealer
German Motors Ltd,,,,Dealer
I&S Car Centre,,,,Dealer
T.L.Darby Ltd,309930,Dissolved,England,Dealer
Chris Boston Car Sales Limited/Aldenham Cars,668115,Dissolved,England,Dealer
DJC Sports Cars,N/A,Active,England,Dealer
Car Finance R Us,792998,Active,England,Dealer
Jespa Limited/Fleetwood Car Centre,309567,Active,England,Dealer
Tynemouth Motor Company Select Cars,711279,Active,England,Dealer
Donnelly Group Limited,,Active,Ireland,Dealer
R Simpson Motors Ltd,667116,Active,Scotland,Dealer
Craig’s Motorcycles Limited,655189,Active,England,Dealer
GT Motorcycles (2012) Ltd,671095,Active,England,Dealer
Trade Cars Cleckheaton Ltd,,Dissolved,England,Dealer
Newtabb limited,,Dissolved,England,Dealer
SM Specialist Cars Ltd,668308,Active,England,Dealer
Hartshill Car Sales ( Telford) Ltd,689170,Active,England,Dealer
Wilson & Co. (Motor Sales) Limited,,Active,England,Dealer
Broker,FRN,Status,Location,Manufacturer
BMW Park Lane (owned by BMW UK Ltd),667783,Active,England,Manufacturer
Mann Egerton (Swindon) (Volkswagen Group Retail UK/VW Group UK),464440,Active,England,Manufacturer
Renault Retail Group UK Limited (RR Group),311797,Active,England,Manufacturer
Stellantis & you/Robins & Day,497010,Active,England,Manufacturer
TrustFord (Ford Retail Ltd),312254,Active,England,Manufacturer
Birmingham Audi,311543,Active,England,Listers
Coventry Audi,311543,Active,England,Listers
Stratford Audi,311543,Active,England,Listers
Worcester Audi,311543,Active,England,Listers
Listers Boston (BMW),311543,Active,England,Listers
ListersKings Lynn  (BMW),311543,Active,England,Listers
Listers CUPRA Coventry,311543,Active,England,Listers
Listers CUPRA Worcester,311543,Active,England,Listers
Listers Honda Northampton,311543,Active,England,Listers
Listers Honda Solihull,311543,Active,England,Listers
Listers Honda Stratford-upon-Avon,311543,Active,England,Listers
Listers OMODA JAECOO Solihull,311543,Active,England,Listers
Listers Land Rover Droitwich,311543,Active,England,Listers
Listers Land Rover Hereford,311543,Active,England,Listers
Listers Land Rover Solihull,311543,Active,England,Listers
Lexus Bristol,311543,Active,England,Listers
Lexus Cheltenham,311543,Active,England,Listers
Lexus Coventry,311543,Active,England,Listers
Lexus Lincoln,311543,Active,England,Listers
Listers U Hereford,311543,Active,England,Listers
Listers U Northampton,311543,Active,England,Listers
Listers U Solihull,311543,Active,England,Listers
Listers U Stratford-upon-Avon,311543,Active,England,Listers
Mercedes-Benz of Lincoln Vans,311543,Active,England,Listers
Mercedes-Benz of Boston,311543,Active,England,Listers
Mercedes-Benz of Grimsby,311543,Active,England,Listers
Mercedes-Benz of Hull,311543,Active,England,Listers
Mercedes-Benz of Lincoln,311543,Active,England,Listers
Listers MG Northampton,311543,Active,England,Listers
Listers MG Solihull,311543,Active,England,Listers
Listers Boston (MINI),311543,Active,England,Listers
Listers Kings Lynn (MINI),311543,Active,England,Listers
Listers OMODA JAECOO Solihull,311543,Active,England,Listers
Porsche Centre Hull,311543,Active,England,Listers
Listers SEAT Coventry,311543,Active,England,Listers
Listers SEAT Worcester,311543,Active,England,Listers
Listers Service Centre Banbury,311543,Active,England,Listers
Listers Skoda Coventry,311543,Active,England,Listers
smart at Mercedes-Benz of Hull,311543,Active,England,Listers
smart at Mercedes-Benz of Lincoln,311543,Active,England,Listers
Listers Toyota Boston,311543,Active,England,Listers
Listers Toyota Bristol (North),311543,Active,England,Listers
Listers Toyota Bristol (South),311543,Active,England,Listers
Listers Toyota Cheltenham,311543,Active,England,Listers
Listers Toyota Coventry,311543,Active,England,Listers
Listers Toyota Grantham,311543,Active,England,Listers
Listers Toyota Lincoln,311543,Active,England,Listers
Listers Toyota Nuneaton,311543,Active,England,Listers
Listers Toyota Stratford-upon-Avon,311543,Active,England,Listers
Listers Volkswagen Coventry,311543,Active,England,Listers
Listers Volkswagen Evesham,311543,Active,England,Listers
Listers Volkswagen Loughborough,311543,Active,England,Listers
Listers Volkswagen Nuneaton,311543,Active,England,Listers
Listers Volkswagen Stratford-upon-Avon,311543,Active,England,Listers
Listers Volkswagen Worcester,311543,Active,England,Listers
Listers Volkswagen Van Centre Coventry,311543,Active,England,Listers
Listers Volkswagen Van Centre Worcestershire,311543,Active,England,Listers
Listers Volkswagen Van Service Centre Stratford-upon-Avon,311543,Active,England,Listers
Listers Leamington Spa  Volvo Cars,311543,Active,England,Listers
Listers Worcester Volvo Cars,311543,Active,England,Listers
Evans Halshaw Abarth Hull,312666,Active,England,Evans Halshaw
Evans Halshaw Abarth Mansfield,312666,Active,England,Evans Halshaw
Evans Halshaw Alpine Manchester,312666,Active,England,Evans Halshaw
Evans Halshaw Citroen Bedford,312666,Active,England,Evans Halshaw
Evans Halshaw Citroen Cardiff,312666,Active,Wales,Evans Halshaw
Evans Halshaw Citroen Doncaster,312666,Active,England,Evans Halshaw
Evans Halshaw Citroen Hull,312666,Active,England,Evans Halshaw
Evans Halshaw Citroen Leeds,312666,Active,England,Evans Halshaw
Evans Halshaw Citroen Mansfield,312666,Active,England,Evans Halshaw
Evans Halshaw Citroen Nottingham,312666,Active,England,Evans Halshaw
Evans Halshaw Citroen Rotherham,312666,Active,England,Evans Halshaw
Evans Halshaw Citroen Sheffield,312666,Active,England,Evans Halshaw
Evans Halshaw Citroen York,312666,Active,England,Evans Halshaw
Evans Halshaw Dacia Durham,312666,Active,Scotland,Evans Halshaw
Evans Halshaw Dacia Edinburgh,312666,Active,England,Evans Halshaw
Evans Halshaw Dacia Manchester,312666,Active,England,Evans Halshaw
Evans Halshaw Dacia Middlesbrough,312666,Active,England,Evans Halshaw
Evans Halshaw Dacia Sunderland,312666,Active,England,Evans Halshaw
Evans Halshaw DS Salon Cardiff,312666,Active,Wales,Evans Halshaw
Evans Halshaw DS Salon York,312666,Active,England,Evans Halshaw
Evans Halshaw Fiat Hull,312666,Active,England,Evans Halshaw
Evans Halshaw Fiat Mansfield,312666,Active,England,Evans Halshaw
Evans Halshaw Ford Altrincham,312666,Active,England,Evans Halshaw
Evans Halshaw Ford Ashton under Lyne,312666,Active,England,Evans Halshaw
Evans Halshaw Ford Bedford,312666,Active,England,Evans Halshaw
Evans Halshaw Ford Blackburn,312666,Active,England,Evans Halshaw
Evans Halshaw Ford Blackpool,312666,Active,England,Evans Halshaw
Evans Halshaw Ford Burnley,312666,Active,England,Evans Halshaw
Evans Halshaw Ford Bury,312666,Active,England,Evans Halshaw
Evans Halshaw Ford Cardiff,312666,Active,Wales,Evans Halshaw
Evans Halshaw Ford Chester,312666,Active,England,Evans Halshaw
Evans Halshaw Ford Chorley,312666,Active,England,Evans Halshaw
Evans Halshaw Ford Coatbridge,312666,Active,England,Evans Halshaw
Evans Halshaw Ford Darlington,312666,Active,England,Evans Halshaw
Evans Halshaw Ford East Kilbride,312666,Active,Scotland,Evans Halshaw
Evans Halshaw Ford Gainsborough,312666,Active,England,Evans Halshaw
Evans Halshaw Ford Glasgow,312666,Active,Scotland,Evans Halshaw
Evans Halshaw Ford Hull,312666,Active,England,Evans Halshaw
Evans Halshaw Ford Lincoln,312666,Active,England,Evans Halshaw
Evans Halshaw Ford Merthyr Tydfil,312666,Active,Wales,Evans Halshaw
Evans Halshaw Ford Middlesbrough,312666,Active,England,Evans Halshaw
Evans Halshaw Ford Milton Keynes,312666,Active,England,Evans Halshaw
Evans Halshaw Ford Motherwell,312666,Active,Scotland,Evans Halshaw
Evans Halshaw Ford Old Trafford,312666,Active,England,Evans Halshaw
Evans Halshaw Ford Preston,312666,Active,England,Evans Halshaw
Evans Halshaw Ford Walsall,312666,Active,England,Evans Halshaw
Evans Halshaw Ford Wolverhampton,312666,Active,England,Evans Halshaw
Evans Halshaw Ford Wrexham,312666,Active,Wales,Evans Halshaw
Evans Halshaw Ford Transit Centre Bretton,312666,Active,Wales,Evans Halshaw
Evans Halshaw Ford Transit Centre Coatbridge,312666,Active,England,Evans Halshaw
Evans Halshaw Ford Transit Centre Glasgow,312666,Active,Scotland,Evans Halshaw
Evans Halshaw Ford Transit Centre Manchester,312666,Active,England,Evans Halshaw
Evans Halshaw Genesis Leeds,312666,Active,England,Evans Halshaw
Evans Halshaw Genesis Leicester,312666,Active,England,Evans Halshaw
Evans Halshaw Genesis Warrington,312666,Active,England,Evans Halshaw
Evans Halshaw Hyundai Gateshead,312666,Active,England,Evans Halshaw
Evans Halshaw Hyundai Leeds,312666,Active,England,Evans Halshaw
Evans Halshaw Hyundai Leicester,312666,Active,England,Evans Halshaw
Evans Halshaw Hyundai Milton Keynes,312666,Active,England,Evans Halshaw
Evans Halshaw Hyundai Warrington,312666,Active,England,Evans Halshaw
Evans Halshaw Jeep Hull,312666,Active,England,Evans Halshaw
Evans Halshaw Kia Hull,312666,Active,England,Evans Halshaw
Evans Halshaw Kia Stourbridge,312666,Active,England,Evans Halshaw
Evans Halshaw Leapmotor Hull,312666,Active,England,Evans Halshaw
Evans Halshaw Leapmotor Leeds,312666,Active,England,Evans Halshaw
Evans Halshaw MG Banbury,312666,Active,England,Evans Halshaw
Evans Halshaw MG Grantham,312666,Active,England,Evans Halshaw
Evans Halshaw MG Hull,312666,Active,England,Evans Halshaw
Evans Halshaw MG York,312666,Active,England,Evans Halshaw
Evans Halshaw Peugeot Doncaster,312666,Active,England,Evans Halshaw
Evans Halshaw Peugeot Hull,312666,Active,England,Evans Halshaw
Evans Halshaw Peugeot Leeds,312666,Active,England,Evans Halshaw
Evans Halshaw Peugeot Mansfield,312666,Active,England,Evans Halshaw
Evans Halshaw Peugeot Wakefield,312666,Active,England,Evans Halshaw
Evans Halshaw Peugeot York,312666,Active,England,Evans Halshaw
Evans Halshaw Renault Durham,312666,Active,England,Evans Halshaw
Evans Halshaw Renault Edinburgh West,312666,Active,Scotland,Evans Halshaw
Evans Halshaw Renault Manchester,312666,Active,England,Evans Halshaw
Evans Halshaw Renault Middlesbrough,312666,Active,England,Evans Halshaw
Evans Halshaw Renault Sunderland,312666,Active,England,Evans Halshaw
Evans Halshaw Vauxhall Bedford,312666,Active,England,Evans Halshaw
Evans Halshaw Vauxhall Cardiff,312666,Active,Wales,Evans Halshaw
Evans Halshaw Vauxhall Falkirk,312666,Active,Scotland,Evans Halshaw
Evans Halshaw Vauxhall Gateshead,312666,Active,England,Evans Halshaw
Evans Halshaw Vauxhall Horsforth,312666,Active,England,Evans Halshaw
Evans Halshaw Vauxhall Hull West,312666,Active,England,Evans Halshaw
Evans Halshaw Vauxhall Kilmarnock,312666,Active,Scotland,Evans Halshaw
Evans Halshaw Vauxhall Leeds,312666,Active,England,Evans Halshaw
Evans Halshaw Vauxhall Middlesbrough,312666,Active,England,Evans Halshaw
Evans Halshaw Vauxhall Newport,312666,Active,Wales,Evans Halshaw
Evans Halshaw Vauxhall Nottingham,312666,Active,England,Evans Halshaw
Evans Halshaw Vauxhall Shiremoor,312666,Active,England,Evans Halshaw
Evans Halshaw Vauxhall Wakefield,312666,Active,England,Evans Halshaw
Evans Halshaw Vauxhall Wigan,312666,Active,England,Evans Halshaw
Evans Halshaw Vauxhall York,312666,Active,England,Evans Halshaw
3 A's Caravans,,,,Caravans
A&M Leisure Supplies,,,,Caravans
A&T Caravans Ltd,,,,Caravans
A1 Motorhome Hire,,,,Caravans
Abbey Caravans & Leisure Ltd,,,,Caravans
ABIUK Ltd,,,,Caravans
Ace Caravans Repairs & Services,,,,Caravans
Adventure Campers & Motorhomes,,,,Caravans
Airstream Leisure Ltd,,,,Caravans
Albion Caravans,,,,Caravans
Alfresco Caravans,,,,Caravans
Allens Caravans Ltd,,,,Caravans
Amber Leisure,,,,Caravans
American Motor Home Rentals,,,,Caravans
American RV Centre,,,,Caravans
Anglesey Caravan Sales,,,,Caravans
Anglo American Services,,,,Caravans
Armstrong Caravan Sales,,,,Caravans
Aspinalls Caravans & Camping,,,,Caravans
Astbury Caravans,,,,Caravans
Atlas Caravan Co. Ltd.,,,,Caravans
Auto Trail VR Ltd,,,,Caravans
Autocruise Motor Homes Ltd,,,,Caravans
Auto-Sleepers Ltd.,,,,Caravans
Ava Leisure,,,,Caravans
Avon Motor Caravans,,,,Caravans
Aztec Motor Camper Centre,,,,Caravans
Bailey Caravans Ltd,,,,Caravans
Bankhead Caravans,,,,Caravans
Bann Caravans,,,,Caravans
Barham Caravan Co Ltd,,,,Caravans
Barron Group Ltd,,,,Caravans
Barry's Caravans,,,,Caravans
Barton Caravans,,,,Caravans
Bateson Caravans,,,,Caravans
Bay Caravans,,,,Caravans
Bayliss Caravans,,,,Caravans
BC Leisure,,,,Caravans
Beechwood Caravans,,,,Caravans
Belvoir Caravans,,,,Caravans
Ben Nevis Caravans,,,,Caravans
Berkeley Caravans Ltd,,,,Caravans
Bert's Caravans,,,,Caravans
Betteshanger Caravans,,,,Caravans
Bexhill Caravans,,,,Caravans
Bicknacre Caravans,,,,Caravans
Biggleswade Caravans,,,,Caravans
Black Horse Caravans,,,,Caravans
Blackpool Caravan Centre,,,,Caravans
Blair Atholl Caravans,,,,Caravans
Blue Diamond Caravans,,,,Caravans
Blyth Caravans,,,,Caravans
Bodmin Caravans,,,,Caravans
Bolton Caravan Centre,,,,Caravans
Bon Accord Caravans,,,,Caravans
Boreham Caravans,,,,Caravans
Boston Caravans,,,,Caravans
Bourne Caravans,,,,Caravans
Brackley Caravans,,,,Caravans
Bradford Caravan Centre,,,,Caravans
Braintree Caravans,,,,Caravans
Braintree Caravans,,,,Caravans
Braunton Caravans,,,,Caravans
Bridgwater Caravans,,,,Caravans
Bridlington Caravans,,,,Caravans
Bridport Caravans,,,,Caravans
Bristol Caravans,,,,Caravans
Broadland Caravans,,,,Caravans
Broads Caravans,,,,Caravans
Bromley Caravans,,,,Caravans
Brooklands Caravans,,,,Caravans
Brooks Caravans,,,,Caravans
Brough Caravans,,,,Caravans
Broughton Caravans,,,,Caravans
Buckingham Caravans,,,,Caravans
Buckland Caravans,,,,Caravans
Bucknall Caravans,,,,Caravans
Bucks Caravan Centre,,,,Caravans
Burnham Caravans,,,,Caravans
Burnside Caravans,,,,Caravans
Burton Caravans,,,,Caravans
Bury Caravans,,,,Caravans
Bushey Caravans,,,,Caravans
Buxton Caravans,,,,Caravans
Byfleet Caravans,,,,Caravans
Byrne Caravans,,,,Caravans
C&C Caravans,,,,Caravans
C&C Motorhomes,,,,Caravans
C&K Caravans,,,,Caravans
C&L Caravans,,,,Caravans
C&M Caravans,,,,Caravans
C&M Holiday Homes,,,,Caravans
C&M Leisure,,,,Caravans
C&M Motorhomes,,,,Caravans
C&R Caravans,,,,Caravans
C&S Caravans,,,,Caravans
C&S Leisure,,,,Caravans
C&V Motorhomes,,,,Caravans
C&W Caravans,,,,Caravans
C&W Leisure,,,,Caravans
C&W Motorhomes,,,,Caravans
C&Y Caravans,,,,Caravans
C.T. Caravans,,,,Caravans
C.V. Caravans,,,,Caravans
Cabin Caravans,,,,Caravans
Caledonia Caravans,,,,Caravans
Camberley Caravans,,,,Caravans
Cambridge Caravans,,,,Caravans
Camden Caravans,,,,Caravans
Campers & Caravans Ltd,,,,Caravans
Canterbury Caravans,,,,Caravans
Capel Caravans,,,,Caravans
Capital Caravans,,,,Caravans
Capricorn Caravans,,,,Caravans
Caravan City,,,,Caravans
Caravan Club Shop,,,,Caravans
Caravan Connections,,,,Caravans
Caravan Country,,,,Caravans
Caravan Deals,,,,Caravans
Caravan Depot,,,,Caravans
Caravan Direct,,,,Caravans
Caravan Exchange,,,,Caravans
Caravan Express,,,,Caravans
Caravan Factory,,,,Caravans
Caravan Finders,,,,Caravans
Caravan First,,,,Caravans
Caravan Focus,,,,Caravans
Caravan Fort,,,,Caravans
Caravan Friends,,,,Caravans
Caravan Gallery,,,,Caravans
Caravan Gear,,,,Caravans
Caravan Giant,,,,Caravans
Caravan Group,,,,Caravans
Caravan Hub,,,,Caravans
Caravan Inn,,,,Caravans
Caravan King,,,,Caravans
Caravan Land,,,,Caravans
Caravan Link,,,,Caravans
Caravan Lodge,,,,Caravans
Caravan Manor,,,,Caravans
Caravan Mart,,,,Caravans
Caravan Max,,,,Caravans
Caravan Mecca,,,,Caravans
Caravan Mega,,,,Caravans
Caravan Motorhomes,,,,Caravans
Caravan Nation,,,,Caravans
Caravan One,,,,Caravans
Caravan Outlet,,,,Caravans
Caravan Park Sales,,,,Caravans
Caravan Plus,,,,Caravans
Caravan Point,,,,Caravans
Caravan Pro,,,,Caravans
Caravan Rentals,,,,Caravans
Caravan Retreat,,,,Caravans
Caravan Revolution,,,,Caravans
Caravan Sales Ltd,,,,Caravans
Caravan Select,,,,Caravans
Caravan Service Centre,,,,Caravans
Caravan Shop,,,,Caravans
Caravan Solutions,,,,Caravans
Caravan Specialists,,,,Caravans
Caravan Station,,,,Caravans
Caravan Store,,,,Caravans
Caravan Superstore,,,,Caravans
Caravan Supplies,,,,Caravans
Caravan Traders,,,,Caravans
Caravan World,,,,Caravans
Caravans & Motorhomes Ltd,,,,Caravans
Caravans Direct,,,,Caravans
Caravans For Sale,,,,Caravans
Caravans Galore,,,,Caravans
Caravans HQ,,,,Caravans
Caravans International,,,,Caravans
Caravans Nationwide,,,,Caravans
Caravans Plus,,,,Caravans
Caravans R Us,,,,Caravans
Caravans UK,,,,Caravans
Caravans4U,,,,Caravans
Castle Caravans,,,,Caravans
Castle Leisure,,,,Caravans
Castle Motorhomes,,,,Caravans
Cavendish Caravans,,,,Caravans
Central Caravans,,,,Caravans
Centre Caravans,,,,Caravans
Chalkwell Caravans,,,,Caravans
Chapel Caravans,,,,Caravans
Charlton Caravans,,,,Caravans
Cheshire Caravans,,,,Caravans
Chester Caravan Centre,,,,Caravans
Chesterfield Caravans,,,,Caravans
Chestnut Caravans,,,,Caravans
Chichester Caravans,,,,Caravans
Chiltern Caravans,,,,Caravans
Chorley Caravans,,,,Caravans
Cinderford Caravans,,,,Caravans
City Caravans,,,,Caravans
Clacton Caravans,,,,Caravans
Clarence Caravans,,,,Caravans
Clayton Caravans,,,,Caravans
Cleveland Caravans,,,,Caravans
Clifford Caravans,,,,Caravans
Clitheroe Caravans,,,,Caravans
Clonmel Caravans,,,,Caravans
Coast Caravans,,,,Caravans
Cobham Caravans,,,,Caravans
Colchester Caravans,,,,Caravans
Colne Caravans,,,,Caravans
Columbia Caravans,,,,Caravans
Concord Caravans,,,,Caravans
Coniston Caravans,,,,Caravans
Cornwall Caravans,,,,Caravans
Cosham Caravans,,,,Caravans
Coventry Caravans,,,,Caravans
Cradley Caravans,,,,Caravans
Cranleigh Caravans,,,,Caravans
Crawley Caravans,,,,Caravans
Crewe Caravans,,,,Caravans
Cromer Caravans,,,,Caravans
Crosby Caravans,,,,Caravans
Crowthorne Caravans,,,,Caravans
Croydon Caravans,,,,Caravans
Crusader Caravans,,,,Caravans
Crystal Caravans,,,,Caravans
Cumberland Caravans,,,,Caravans
Cwmbran Caravans,,,,Caravans
D&G Caravans,,,,Caravans
D&R Caravans,,,,Caravans
D&S Caravans,,,,Caravans
D&T Caravans,,,,Caravans
D&W Caravans,,,,Caravans
D&W Leisure,,,,Caravans
Dalton Caravans,,,,Caravans
Danbury Caravans,,,,Caravans
Dartford Caravans,,,,Caravans
Darwen Caravans,,,,Caravans
Daventry Caravans,,,,Caravans
Dawson Caravans,,,,Caravans
Daymer Caravans,,,,Caravans
Deacon Caravans,,,,Caravans
Derby Caravans,,,,Caravans
Devon Caravans,,,,Caravans
Didsbury Caravans,,,,Caravans
Dingwall Caravans,,,,Caravans
Dorset Caravans,,,,Caravans
Dover Caravans,,,,Caravans
Downs Caravans,,,,Caravans
Droitwich Caravans,,,,Caravans
Dronfield Caravans,,,,Caravans
Drumcar Caravans,,,,Caravans
Dublin Caravans,,,,Caravans
Dulwich Caravans,,,,Caravans
Dunstable Caravans,,,,Caravans
Durham Caravans,,,,Caravans
Duxford Caravans,,,,Caravans
E&J Caravans,,,,Caravans
E&L Caravans,,,,Caravans
E&R Caravans,,,,Caravans
E&S Caravans,,,,Caravans
E&T Caravans,,,,Caravans
E&W Caravans,,,,Caravans
East Anglia Caravans,,,,Caravans
East Dorset Caravans,,,,Caravans
East Lancashire Caravans,,,,Caravans
East Midlands Caravans,,,,Caravans
East Riding Caravans,,,,Caravans
East Sussex Caravans,,,,Caravans
East Yorkshire Caravans,,,,Caravans
Eastern Caravans,,,,Caravans
Eastleigh Caravans,,,,Caravans
Eden Caravans,,,,Caravans
Edinburgh Caravans,,,,Caravans
Edinburgh Motorhomes,,,,Caravans
Egham Caravans,,,,Caravans
Elgin Caravans,,,,Caravans
Ellesmere Caravans,,,,Caravans
Elstree Caravans,,,,Caravans
Emley Caravans,,,,Caravans
Enfield Caravans,,,,Caravans
Epsom Caravans,,,,Caravans
Essex Caravans,,,,Caravans
Exeter Caravans,,,,Caravans
Exmouth Caravans,,,,Caravans
F&H Caravans,,,,Caravans
F&M Caravans,,,,Caravans
F&R Caravans,,,,Caravans
F&W Caravans,,,,Caravans
Fairview Caravans,,,,Caravans
Falcon Caravans,,,,Caravans
Farnborough Caravans,,,,Caravans
Faversham Caravans,,,,Caravans
Felixstowe Caravans,,,,Caravans
Fenland Caravans,,,,Caravans
Fife Caravans,,,,Caravans
Finchley Caravans,,,,Caravans
Fleet Caravans,,,,Caravans
Flitwick Caravans,,,,Caravans
Folkestone Caravans,,,,Caravans
Forest Caravans,,,,Caravans
Forest of Dean Caravans,,,,Caravans
Formby Caravans,,,,Caravans
Fosse Caravans,,,,Caravans
Fowey Caravans,,,,Caravans
Framlingham Caravans,,,,Caravans
Fraser Caravans,,,,Caravans
Fraserburgh Caravans,,,,Caravans
Freeman Caravans,,,,Caravans
Freshwater Caravans,,,,Caravans
Frome Caravans,,,,Caravans
Fulham Caravans,,,,Caravans
Furness Caravans,,,,Caravans
G&H Caravans,,,,Caravans
G&M Caravans,,,,Caravans
G&R Caravans,,,,Caravans
G&W Caravans,,,,Caravans
G&Y Caravans,,,,Caravans
Galway Caravans,,,,Caravans
Gateshead Caravans,,,,Caravans
Gateshead Motorhomes,,,,Caravans
Gillingham Caravans,,,,Caravans
Glasgow Caravans,,,,Caravans
Glen Caravans,,,,Caravans
Gloucester Caravans,,,,Caravans
Gloucestershire Caravans,,,,Caravans
Godalming Caravans,,,,Caravans
Goff's Caravans,,,,Caravans
Gosforth Caravans,,,,Caravans
Gosport Caravans,,,,Caravans
Grange Caravans,,,,Caravans
Grantham Caravans,,,,Caravans
Gravesend Caravans,,,,Caravans
Green Caravans,,,,Caravans
Greenock Caravans,,,,Caravans
Greenwich Caravans,,,,Caravans
Guildford Caravans,,,,Caravans
Guisborough Caravans,,,,Caravans
Gwynedd Caravans,,,,Caravans
H&H Caravans,,,,Caravans
H&M Caravans,,,,Caravans
H&R Caravans,,,,Caravans
H&W Caravans,,,,Caravans
H&Y Caravans,,,,Caravans
Hackney Caravans,,,,Caravans
Hadleigh Caravans,,,,Caravans
Halesowen Caravans,,,,Caravans
Halifax Caravans,,,,Caravans
Hampshire Caravans,,,,Caravans
Hampton Caravans,,,,Caravans
Hanley Caravans,,,,Caravans
Harrogate Caravans,,,,Caravans
Harrow Caravans,,,,Caravans
Hartlepool Caravans,,,,Caravans
Hastings Caravans,,,,Caravans
Havant Caravans,,,,Caravans
Haverhill Caravans,,,,Caravans
Havering Caravans,,,,Caravans
Hayes Caravans,,,,Caravans
Hayling Island Caravans,,,,Caravans
Hebburn Caravans,,,,Caravans
Helensburgh Caravans,,,,Caravans
Helston Caravans,,,,Caravans
Hemel Hempstead Caravans,,,,Caravans
Hendon Caravans,,,,Caravans
Hereford Caravans,,,,Caravans
Hertford Caravans,,,,Caravans
Hexham Caravans,,,,Caravans
High Wycombe Caravans,,,,Caravans
Higham Ferrers Caravans,,,,Caravans
Highlands Caravans,,,,Caravans
Hinckley Caravans,,,,Caravans
Hitchin Caravans,,,,Caravans
Holbeach Caravans,,,,Caravans
Holmfirth Caravans,,,,Caravans
Holt Caravans,,,,Caravans
Holyhead Caravans,,,,Caravans
Horsham Caravans,,,,Caravans
Hounslow Caravans,,,,Caravans
Huddersfield Caravans,,,,Caravans
Hull Caravans,,,,Caravans
Humber Caravans,,,,Caravans
Huntingdon Caravans,,,,Caravans
Hurst Caravans,,,,Caravans
Hythe Caravans,,,,Caravans
I&H Caravans,,,,Caravans
I&M Caravans,,,,Caravans
I&R Caravans,,,,Caravans
I&W Caravans,,,,Caravans
Ipswich Caravans,,,,Caravans
Ireland Caravans,,,,Caravans
Isle of Man Caravans,,,,Caravans
Isle of Wight Caravans,,,,Caravans
J&H Caravans,,,,Caravans
J&M Caravans,,,,Caravans
J&R Caravans,,,,Caravans
J&W Caravans,,,,Caravans
J&Y Caravans,,,,Caravans
Jersey Caravans,,,,Caravans
K&H Caravans,,,,Caravans
K&M Caravans,,,,Caravans
K&R Caravans,,,,Caravans
K&W Caravans,,,,Caravans
K&Y Caravans,,,,Caravans
Kendal Caravans,,,,Caravans
Kenilworth Caravans,,,,Caravans
Kettering Caravans,,,,Caravans
Kilmarnock Caravans,,,,Caravans
King's Lynn Caravans,,,,Caravans
Kingston Caravans,,,,Caravans
Kirkcaldy Caravans,,,,Caravans
Kirkham Caravans,,,,Caravans
Kirkwall Caravans,,,,Caravans
Knutsford Caravans,,,,Caravans
L&H Caravans,,,,Caravans
L&M Caravans,,,,Caravans
L&R Caravans,,,,Caravans
L&W Caravans,,,,Caravans
L&Y Caravans,,,,Caravans
Lancashire Caravans,,,,Caravans
Lancaster Caravans,,,,Caravans
Langholm Caravans,,,,Caravans
Largs Caravans,,,,Caravans
Larkhall Caravans,,,,Caravans
Larne Caravans,,,,Caravans
Lasswade Caravans,,,,Caravans
Leamington Caravans,,,,Caravans
Leeds Caravans,,,,Caravans
Leicester Caravans,,,,Caravans
Leighton Buzzard Caravans,,,,Caravans
Leith Caravans,,,,Caravans
Lewes Caravans,,,,Caravans
Leyland Caravans,,,,Caravans
Lichfield Caravans,,,,Caravans
Lincoln Caravans,,,,Caravans
Liverpool Caravans,,,,Caravans
Livingston Caravans,,,,Caravans
Llanelli Caravans,,,,Caravans
Llanidloes Caravans,,,,Caravans
Llantrisant Caravans,,,,Caravans
Loch Lomond Caravans,,,,Caravans
London Caravans,,,,Caravans
Loughborough Caravans,,,,Caravans
Lowestoft Caravans,,,,Caravans
Luton Caravans,,,,Caravans
Lydbrook Caravans,,,,Caravans
Lydney Caravans,,,,Caravans
M&H Caravans,,,,Caravans
M&R Caravans,,,,Caravans
M&W Caravans,,,,Caravans
M&Y Caravans,,,,Caravans
Macclesfield Caravans,,,,Caravans
Maidstone Caravans,,,,Caravans
Malvern Caravans,,,,Caravans
Manchester Caravans,,,,Caravans
Mansfield Caravans,,,,Caravans
Margate Caravans,,,,Caravans
Market Harborough Caravans,,,,Caravans
Market Rasen Caravans,,,,Caravans
Maryport Caravans,,,,Caravans
Matlock Caravans,,,,Caravans
Melton Caravans,,,,Caravans
Merthyr Tydfil Caravans,,,,Caravans
Middlesbrough Caravans,,,,Caravans
Milton Keynes Caravans,,,,Caravans
Monmouth Caravans,,,,Caravans
Moray Caravans,,,,Caravans
Newark Caravans,,,,Caravans
Newbury Caravans,,,,Caravans
Newcastle Caravans,,,,Caravans
Newcastle Emlyn Caravans,,,,Caravans
Newcastle-under-Lyme Caravans,,,,Caravans
Newport Caravans,,,,Caravans
Newton Abbot Caravans,,,,Caravans
Newton Mearns Caravans,,,,Caravans
Newton Stewart Caravans,,,,Caravans
Norfolk Caravans,,,,Caravans
Northampton Caravans,,,,Caravans
Northfield Caravans,,,,Caravans
Northolt Caravans,,,,Caravans
Northumberland Caravans,,,,Caravans
Norwich Caravans,,,,Caravans
Nottingham Caravans,,,,Caravans
Nuneaton Caravans,,,,Caravans
O&H Caravans,,,,Caravans
O&M Caravans,,,,Caravans
O&R Caravans,,,,Caravans
O&W Caravans,,,,Caravans
Oakham Caravans,,,,Caravans
Oban Caravans,,,,Caravans
Oldham Caravans,,,,Caravans
Ormskirk Caravans,,,,Caravans
Ossett Caravans,,,,Caravans
Oswestry Caravans,,,,Caravans
Otley Caravans,,,,Caravans
Oxford Caravans,,,,Caravans
P&H Caravans,,,,Caravans
P&M Caravans,,,,Caravans
P&R Caravans,,,,Caravans
P&W Caravans,,,,Caravans
P&Y Caravans,,,,Caravans
Paisley Caravans,,,,Caravans
Pegasus Finance,,,,Caravans
Penrith Caravans,,,,Caravans
Perth Caravans,,,,Caravans
Peterborough Caravans,,,,Caravans
Plymouth Caravans,,,,Caravans
Poole Caravans,,,,Caravans
Port Glasgow Caravans,,,,Caravans
Portsmouth Caravans,,,,Caravans
Potters Bar Caravans,,,,Caravans
Preston Caravans,,,,Caravans
Princes Risborough Caravans,,,,Caravans
Pudsey Caravans,,,,Caravans
R&H Caravans,,,,Caravans
R&M Caravans,,,,Caravans
R&R Caravans,,,,Caravans
R&W Caravans,,,,Caravans
R&Y Caravans,,,,Caravans
Radcliffe Caravans,,,,Caravans
Ramsgate Caravans,,,,Caravans
Reading Caravans,,,,Caravans
Redditch Caravans,,,,Caravans
Redruth Caravans,,,,Caravans
Reigate Caravans,,,,Caravans
RG Caravans,,,,Caravans
Rhondda Caravans,,,,Caravans
Richmond Caravans,,,,Caravans
Ripon Caravans,,,,Caravans
Rochdale Caravans,,,,Caravans
Romford Caravans,,,,Caravans
Romsey Caravans,,,,Caravans
Ross-on-Wye Caravans,,,,Caravans
Rotherham Caravans,,,,Caravans
Royal Leamington Spa Caravans,,,,Caravans
Rugby Caravans,,,,Caravans
Runcorn Caravans,,,,Caravans
S&H Caravans,,,,Caravans
S&M Caravans,,,,Caravans
S&R Caravans,,,,Caravans
S&W Caravans,,,,Caravans
S&Y Caravans,,,,Caravans
Salisbury Caravans,,,,Caravans
Sandhurst Caravans,,,,Caravans
Sandown Caravans,,,,Caravans
Sandy Caravans,,,,Caravans
Scarborough Caravans,,,,Caravans
Scunthorpe Caravans,,,,Caravans
Selby Caravans,,,,Caravans
Sevenoaks Caravans,,,,Caravans
Sheffield Caravans,,,,Caravans
Shrewsbury Caravans,,,,Caravans
Sittingbourne Caravans,,,,Caravans
Skelmersdale Caravans,,,,Caravans
Sleaford Caravans,,,,Caravans
Slough Caravans,,,,Caravans
Solihull Caravans,,,,Caravans
Southampton Caravans,,,,Caravans
Southend Caravans,,,,Caravans
Southport Caravans,,,,Caravans
Southsea Caravans,,,,Caravans
St Albans Caravans,,,,Caravans
St Austell Caravans,,,,Caravans
St Helens Caravans,,,,Caravans
St Ives Caravans,,,,Caravans
St Neots Caravans,,,,Caravans
Stafford Caravans,,,,Caravans
Staines Caravans,,,,Caravans
Stamford Caravans,,,,Caravans
Stewart Longton Caravans Ltd,,,,Caravans
Stockport Caravans,,,,Caravans
Stockton Caravans,,,,Caravans
Stoke Caravans,,,,Caravans
Stratford Caravans,,,,Caravans
Stretford Caravans,,,,Caravans
Sunderland Caravans,,,,Caravans
Sunnyhaven Caravan Distributors Ltd,,,,Caravans
Sutton Caravans,,,,Caravans
Swaffham Caravans,,,,Caravans
Swansea Caravans,,,,Caravans
Swindon Caravans,,,,Caravans
T&H Caravans,,,,Caravans
T&M Caravans,,,,Caravans
T&R Caravans,,,,Caravans
T&W Caravans,,,,Caravans
T&Y Caravans,,,,Caravans
Tamworth Caravans,,,,Caravans
Taunton Caravans,,,,Caravans
Teesside Caravans,,,,Caravans
Telford Caravans,,,,Caravans
Thame Caravans,,,,Caravans
Thatcham Caravans,,,,Caravans
Thetford Caravans,,,,Caravans
Thirsk Caravans,,,,Caravans
Thurso Caravans,,,,Caravans
Tonbridge Caravans,,,,Caravans
Torquay Caravans,,,,Caravans
Totnes Caravans,,,,Caravans
Trowbridge Caravans,,,,Caravans
Truro Caravans,,,,Caravans
Tunbridge Wells Caravans,,,,Caravans
U&H Caravans,,,,Caravans
U&M Caravans,,,,Caravans
U&R Caravans,,,,Caravans
U&W Caravans,,,,Caravans
Uxbridge Caravans,,,,Caravans
V&H Caravans,,,,Caravans
V&M Caravans,,,,Caravans
V&R Caravans,,,,Caravans
V&W Caravans,,,,Caravans
Wakefield Caravans,,,,Caravans
Wallasey Caravans,,,,Caravans
Walsall Caravans,,,,Caravans
Wantage Caravans,,,,Caravans
Warminster Caravans,,,,Caravans
Warrington Caravans,,,,Caravans
Warwick Caravans,,,,Caravans
Watford Caravans,,,,Caravans
Welling Caravans,,,,Caravans
Wellingborough Caravans,,,,Caravans
Wembley Caravans,,,,Caravans
West Bromwich Caravans,,,,Caravans
West Midlands Caravans,,,,Caravans
West Sussex Caravans,,,,Caravans
West Yorkshire Caravans,,,,Caravans
Westbury Caravans,,,,Caravans
Weston-super-Mare Caravans,,,,Caravans
Weymouth Caravans,,,,Caravans
Whitby Caravans,,,,Caravans
Whitchurch Caravans,,,,Caravans
Whitehaven Caravans,,,,Caravans
Whitley Bay Caravans,,,,Caravans
Widnes Caravans,,,,Caravans
Wigan Caravans,,,,Caravans
Wimbledon Caravans,,,,Caravans
Winchester Caravans,,,,Caravans
Winsford Caravans,,,,Caravans
Woking Caravans,,,,Caravans
Wolverhampton Caravans,,,,Caravans
Woodbridge Caravans,,,,Caravans
Worcester Caravans,,,,Caravans
Worthing Caravans,,,,Caravans
Wrexham Caravans,,,,Caravans
Y&H Caravans,,,,Caravans
Yarm Caravans,,,,Caravans
Yeovil Caravans,,,,Caravans
York Caravans,,,,Caravans
Bristol Street,307324,Active,,BSM/Vertu
Bristol Street Motors,307324,Active,,BSM/Vertu
Bristol Street Motors Aylesbury Skoda,307324,Active,,BSM/Vertu
Bristol Street Motors Banbury,307324,Active,,BSM/Vertu
Bristol Street Motors Banbury Peugeot,307324,Active,,BSM/Vertu
Bristol Street Motors Birmingham SEAT,307324,Active,,BSM/Vertu
Bristol Street Motors Bradford Nissan,307324,Active,,BSM/Vertu
Bristol Street Motors Bradford Renault,307324,Active,,BSM/Vertu
Bristol Street Motors Bristol Hyundai,307324,Active,,BSM/Vertu
Bristol Street Motors Burton Citroen,307324,Active,,BSM/Vertu
Bristol Street Motors Carlisle SEAT,307324,Active,,BSM/Vertu
Bristol Street Motors Chesterfield Skoda,307324,Active,,BSM/Vertu
Bristol Street Motors Citroen,307324,Active,,BSM/Vertu
Bristol Street Motors Darlington Nissan,307324,Active,,BSM/Vertu
Bristol Street Motors Darlington SEAT,307324,Active,,BSM/Vertu
Bristol Street Motors Darlington Skoda,307324,Active,,BSM/Vertu
Bristol Street Motors Derby Citroen,307324,Active,,BSM/Vertu
Bristol Street Motors Derby Nissan,307324,Active,,BSM/Vertu
Bristol Street Motors Derby Peugeot,307324,Active,,BSM/Vertu
Bristol Street Motors Derby Renault,307324,Active,,BSM/Vertu
Bristol Street Motors Derby SEAT,307324,Active,,BSM/Vertu
Bristol Street Motors Derby Skoda,307324,Active,,BSM/Vertu
Bristol Street Motors Exeter Hyundai,307324,Active,,BSM/Vertu
Bristol Street Motors Exeter Renault,307324,Active,,BSM/Vertu
Bristol Street Motors Gloucester Renault,307324,Active,,BSM/Vertu
Bristol Street Motors Halifax Nissan,307324,Active,,BSM/Vertu
Bristol Street Motors Harlow Peugeot,307324,Active,,BSM/Vertu
Bristol Street Motors Leicester Citroen,307324,Active,,BSM/Vertu
Bristol Street Motors Mansfield Hyundai,307324,Active,,BSM/Vertu
Bristol Street Motors Mansfield Renault,307324,Active,,BSM/Vertu
Bristol Street Motors Morpeth Hyunda,307324,Active,,BSM/Vertu
Bristol Street Motors Newcastle Hyundai,307324,Active,,BSM/Vertu
Bristol Street Motors Nissan,307324,Active,,BSM/Vertu
Bristol Street Motors Northampton Nissan,307324,Active,,BSM/Vertu
Bristol Street Motors Northampton Peugeot,307324,Active,,BSM/Vertu
Bristol Street Motors Nottingham Citroen,307324,Active,,BSM/Vertu
Bristol Street Motors Nottingham Hyundai,307324,Active,,BSM/Vertu
Bristol Street Motors Nottingham Renault,307324,Active,,BSM/Vertu
Bristol Street Motors Oxford Peugeot,307324,Active,,BSM/Vertu
Bristol Street Motors Peterlee Hyundai,307324,Active,,BSM/Vertu
Bristol Street Motors SEAT,307324,Active,,BSM/Vertu
Bristol Street Motors Sheffield Nissan,307324,Active,,BSM/Vertu
Bristol Street Motors Widnes Nissan,307324,Active,,BSM/Vertu
Bristol Street Motors Worcester Citroen,307324,Active,,BSM/Vertu
Bristol Street Versa Mobility Solutions,307324,Active,,BSM/Vertu
BristolStreetVanCity.co.uk,307324,Active,,BSM/Vertu
Car Credit,307324,Active,,BSM/Vertu
leasecarsdirect.co.uk,307324,Active,,BSM/Vertu
Macklin Motors,307324,Active,,BSM/Vertu
Macklin Motors Edinburgh East Hyundai,307324,Active,,BSM/Vertu
Macklin Motors Edinburgh West Hyundai,307324,Active,,BSM/Vertu
Macklin Motors Glasgow Nissan,307324,Active,,BSM/Vertu
Macklin Motors Paisley Peugeot,307324,Active,,BSM/Vertu
Motornation,307324,Active,,BSM/Vertu
Motornation Derby Versa,307324,Active,,BSM/Vertu
Vertu Hereford Audi,307324,Active,,BSM/Vertu
Vertu Hereford Volkswagen,307324,Active,,BSM/Vertu
Vertu Hereford Volkswagen Commercials,307324,Active,,BSM/Vertu
Vertu Hereford Volkswagen Van Centre,307324,Active,,BSM/Vertu
Vertu Mansfield Volkswagen,307324,Active,,BSM/Vertu
Vertu Nottingham North Volkswagen,307324,Active,,BSM/Vertu
Vertu Nottingham South Volkswagen,307324,Active,,BSM/Vertu
Vertu Van Centre Hereford,307324,Active,,BSM/Vertu
Vertu Volkswagen,307324,Active,,BSM/Vertu
Vertu Volkswagen Boston,307324,Active,,BSM/Vertu
Vertu Volkswagen Harrogate,307324,Active,,BSM/Vertu
Vertu Volkswagen Huddersfield,307324,Active,,BSM/Vertu
Vertu Volkswagen Leeds,307324,Active,,BSM/Vertu
Vertu Volkswagen Lincoln,307324,Active,,BSM/Vertu
Vertu Volkswagen Skipton,307324,Active,,BSM/Vertu
Vertu Whitchurch Volkswagen,307324,Active,,BSM/Vertu
Robins & Day Birmingham,497010,Rebranded,England,Stellantis/RD
Robins & Day Birmingham Central,497010,Rebranded,England,Stellantis/RD
Robins & Day Birmingham Citroën,497010,Rebranded,England,Stellantis/RD
Robins & Day Birmingham Citroën EDC,497010,Rebranded,England,Stellantis/RD
Robins & Day Birmingham EDC,497010,Rebranded,England,Stellantis/RD
Robins & Day Birmingham North,497010,Rebranded,England,Stellantis/RD
Robins & Day Birmingham Peugeot,497010,Rebranded,England,Stellantis/RD
Robins & Day Brent Cross,497010,Rebranded,England,Stellantis/RD
Robins & Day Bristol,497010,Rebranded,England,Stellantis/RD
Robins & Day Bristol Cribbs Causeway,497010,Rebranded,England,Stellantis/RD
Robins & Day Central Fleet,497010,Rebranded,England,Stellantis/RD
Robins & Day Chelmsford,497010,Rebranded,England,Stellantis/RD
Robins & Day Chingford,497010,Rebranded,England,Stellantis/RD
Robins & Day Chiswick,497010,Rebranded,England,Stellantis/RD
Robins & Day City,497010,Rebranded,England,Stellantis/RD
Robins & Day Coventry,497010,Rebranded,England,Stellantis/RD
Robins & Day Coventry Citroën,497010,Rebranded,England,Stellantis/RD
Robins & Day Coventry Peugeot,497010,Rebranded,England,Stellantis/RD
Robins & Day Coventry South,497010,Rebranded,England,Stellantis/RD
Robins & Day Croydon,497010,Rebranded,England,Stellantis/RD
Robins & Day Derby,497010,Rebranded,England,Stellantis/RD
Robins & Day Edgware,497010,Rebranded,England,Stellantis/RD
Robins & Day Edinburgh,497010,Rebranded,England,Stellantis/RD
Robins & Day Fleet,497010,Rebranded,England,Stellantis/RD
Robins & Day Gateshead,497010,Rebranded,England,Stellantis/RD
Robins & Day Glasgow,497010,Rebranded,England,Stellantis/RD
Robins & Day Guildford,497010,Rebranded,England,Stellantis/RD
Robins & Day Hanwell,497010,Rebranded,England,Stellantis/RD
Robins & Day Hatfield,497010,Rebranded,England,Stellantis/RD
Robins & Day Leicester,497010,Rebranded,England,Stellantis/RD
Robins & Day Leicester Central,497010,Rebranded,England,Stellantis/RD
Robins & Day Leicester South,497010,Rebranded,England,Stellantis/RD
Robins & Day Letchworth,497010,Rebranded,England,Stellantis/RD
Robins & Day Lincoln,497010,Rebranded,England,Stellantis/RD
Robins & Day Liverpool,497010,Rebranded,England,Stellantis/RD
Stellantis &You Abarth Birmingham Central,497010,Active,England,Stellantis/RD
Stellantis &You Abarth Bristol Cribbs,497010,Active,England,Stellantis/RD
Stellantis &You Abarth Crawley,497010,Active,England,Stellantis/RD
Stellantis &You Alfa Romeo Birmingham North,497010,Active,England,Stellantis/RD
Stellantis &You Alfa Romeo Bristol Cribbs,497010,Active,England,Stellantis/RD
Stellantis &You Alfa Romeo Leicester,497010,Active,England,Stellantis/RD
Stellantis &You Citroën Birmingham Central,497010,Active,England,Stellantis/RD
Stellantis &You Citroën Birmingham North,497010,Active,England,Stellantis/RD
Stellantis &You Citroën Chingford,497010,Active,England,Stellantis/RD
Stellantis &You Citroën Coventry,497010,Active,England,Stellantis/RD
Stellantis &You Citroën Edgware,497010,Active,England,Stellantis/RD
Stellantis &You Citroën Hatfield,497010,Active,England,Stellantis/RD
Stellantis &You Citroën Leicester,497010,Active,England,Stellantis/RD
Stellantis &You Citroën Liverpool,497010,Active,England,Stellantis/RD
Stellantis &You Citroën Sale,497010,Active,England,Stellantis/RD
Stellantis &You DS Store Birmingham North,497010,Active,England,Stellantis/RD
Stellantis &You DS Store Bristol Cribbs,497010,Active,England,Stellantis/RD
Stellantis &You DS Store Leicester,497010,Active,England,Stellantis/RD
Stellantis &You Fiat Birmingham Central,497010,Active,England,Stellantis/RD
Stellantis &You Fiat Bristol Cribbs,497010,Active,England,Stellantis/RD
Stellantis &You Fiat Crawley,497010,Active,England,Stellantis/RD
Stellantis &You Jeep Birmingham South,497010,Active,England,Stellantis/RD
Stellantis &You Jeep Bristol Cribbs,497010,Active,England,Stellantis/RD
Stellantis &You Leapmotor Birmingham North,497010,Active,England,Stellantis/RD
Stellantis &You Leapmotor Crawley,497010,Active,England,Stellantis/RD
Stellantis &You Leapmotor Leicester,497010,Active,England,Stellantis/RD
Stellantis &You Peugeot Birmingham Central,497010,Active,England,Stellantis/RD
Stellantis &You Peugeot Birmingham North,497010,Active,England,Stellantis/RD
Stellantis &You Peugeot Brentford,497010,Active,England,Stellantis/RD
Stellantis &You Peugeot Bristol Cribbs,497010,Active,England,Stellantis/RD
Stellantis &You Peugeot Chingford,497010,Active,England,Stellantis/RD
Stellantis &You Peugeot Coventry,497010,Active,England,Stellantis/RD
Stellantis &You Peugeot Croydon,497010,Active,England,Stellantis/RD
Stellantis &You Peugeot Edgware,497010,Active,England,Stellantis/RD
Stellantis &You Peugeot Guildford,497010,Active,England,Stellantis/RD
Stellantis &You Peugeot Hatfield,497010,Active,England,Stellantis/RD
Stellantis &You Peugeot Leicester,497010,Active,England,Stellantis/RD
Stellantis &You Peugeot Liverpool,497010,Active,England,Stellantis/RD
Stellantis &You Peugeot Sale,497010,Active,England,Stellantis/RD
Stellantis &You Peugeot West London,497010,Active,England,Stellantis/RD
Stellantis &You Vauxhall Birmingham North,497010,Active,England,Stellantis/RD
Stellantis &You Vauxhall Birmingham South,497010,Active,England,Stellantis/RD
Stellantis &You Vauxhall Crawley,497010,Active,England,Stellantis/RD
Stellantis &You Vauxhall Croydon,497010,Active,England,Stellantis/RD
Stellantis &You Vauxhall Edgware,497010,Active,England,Stellantis/RD
Stellantis &You Vauxhall Wimbledon,497010,Active,England,Stellantis/RD
Audi Approved Hamilton,309424,Active,England,Lookers
Ayr Audi,309424,Active,England,Lookers
Basingstoke Audi,309424,Active,England,Lookers
Chester Vauxhall Van Centre,309424,Active,England,Lookers
Cupra Stockport,309424,Active,England,Lookers
Farnborough Audi,309424,Active,England,Lookers
Glasgow Audi,309424,Active,England,Lookers
Guildford Audi,309424,Active,England,Lookers
Gwm Lookers Braintree,309424,Active,England,Lookers
Lookers Byd Middlesbrough,309424,Active,England,Lookers
Lookers Byd Sheffield,309424,Active,England,Lookers
Lookers Car Hub Birmingham,309424,Active,England,Lookers
Lookers Car Hub Middlesbrough,309424,Active,England,Lookers
Lookers Car Hub Middlesbrough – Ford Approved Servicing,309424,Active,England,Lookers
Lookers Car Hub South Shields,309424,Active,England,Lookers
Lookers Changan Birmingham,309424,Active,England,Lookers
Lookers Changan Middlesbrough,309424,Active,England,Lookers
Lookers Changan Newcastle,309424,Active,England,Lookers
Lookers Corvette Colchester,309424,Active,England,Lookers
Lookers Crewe Bmw,309424,Active,England,Lookers
Lookers Crewe Mini,309424,Active,England,Lookers
Lookers Dacia Carlisle,309424,Active,England,Lookers
Lookers Dacia Chester,309424,Active,England,Lookers
Lookers Dacia Newcastle,309424,Active,England,Lookers
Lookers Dacia Stockport,309424,Active,England,Lookers
Lookers Ford Braintree,309424,Active,England,Lookers
Lookers Ford Chelmsford,309424,Active,England,Lookers
Lookers Ford Chelmsford Transit Centre,309424,Active,England,Lookers
Lookers Ford Colchester,309424,Active,England,Lookers
Lookers Ford Colchester Transit Centre,309424,Active,England,Lookers
Lookers Ford Gateshead,309424,Active,England,Lookers
Lookers Ford Leeds,309424,Active,England,Lookers
Lookers Ford Leeds Transit Centre,309424,Active,England,Lookers
Lookers Ford Middlesbrough,309424,Active,England,Lookers
Lookers Ford Middlesbrough Transit Centre,309424,Active,England,Lookers
Lookers Ford Sheffield,309424,Active,England,Lookers
Lookers Ford Sheffield Transit Centre,309424,Active,England,Lookers
Lookers Ford South Woodham Ferrers,309424,Active,England,Lookers
Lookers Ford Sudbury,309424,Active,England,Lookers
Lookers Ford Transit Centre Gateshead,309424,Active,England,Lookers
Lookers Jaguar Buckinghamshire,309424,Active,England,Lookers
Lookers Jaguar Chelmsford Service Centre,309424,Active,England,Lookers
Lookers Jaguar West London,309424,Active,England,Lookers
Lookers Kia Chester,309424,Active,England,Lookers
Lookers Kia Newcastle,309424,Active,England,Lookers
Lookers Kia Stockport,309424,Active,England,Lookers
Lookers Land Rover Bishops Stortford,309424,Active,England,Lookers
Lookers Land Rover Buckinghamshire,309424,Active,England,Lookers
Lookers Land Rover Chelmsford,309424,Active,England,Lookers
Lookers Land Rover Colchester,309424,Active,England,Lookers
Lookers Land Rover West London,309424,Active,England,Lookers
Lookers Mg Brighton,309424,Active,England,Lookers
Lookers Nissan Carlisle,309424,Active,England,Lookers
Lookers Nissan Chester,309424,Active,England,Lookers
Lookers Nissan Gateshead,309424,Active,England,Lookers
Lookers Nissan Leeds,309424,Active,England,Lookers
Lookers Nissan Newcastle,309424,Active,England,Lookers
Lookers Nissan Sunderland,309424,Active,England,Lookers
Lookers Renault Carlisle,309424,Active,England,Lookers
Lookers Renault Chester,309424,Active,England,Lookers
Lookers Renault Newcastle,309424,Active,England,Lookers
Lookers Renault Stockport,309424,Active,England,Lookers
Lookers Seat Stockport,309424,Active,England,Lookers
Lookers Skoda Guildford,309424,Active,England,Lookers
Lookers Skoda Newcastle,309424,Active,England,Lookers
Lookers Skoda Stockport,309424,Active,England,Lookers
Lookers Stafford Bmw,309424,Active,England,Lookers
Lookers Stafford Mini,309424,Active,England,Lookers
Lookers Stoke-On-Trent Bmw,309424,Active,England,Lookers
Lookers Stoke-On-Trent Mini,309424,Active,England,Lookers
Lookers Vauxhall Chester,309424,Active,England,Lookers
Lookers Vauxhall Ellesmere Port,309424,Active,England,Lookers
Lookers Vauxhall Liverpool,309424,Active,England,Lookers
Lookers Vauxhall St Helens,309424,Active,England,Lookers
Lookers Volkswagen Battersea,309424,Active,England,Lookers
Lookers Volkswagen Blackburn,309424,Active,England,Lookers
Lookers Volkswagen Blackpool,309424,Active,England,Lookers
Lookers Volkswagen Carlisle,309424,Active,England,Lookers
Lookers Volkswagen Darlington,309424,Active,England,Lookers
Lookers Volkswagen Guildford,309424,Active,England,Lookers
Lookers Volkswagen Newcastle,309424,Active,England,Lookers
Lookers Volkswagen Northallerton,309424,Active,England,Lookers
Lookers Volkswagen Preston,309424,Active,England,Lookers
Lookers Volkswagen Silverlink,309424,Active,England,Lookers
Lookers Volkswagen Teesside,309424,Active,England,Lookers
Lookers Volkswagen Van Centre Carlisle,309424,Active,England,Lookers
Lookers Volkswagen Van Centre Glasgow,309424,Active,England,Lookers
Lookers Volkswagen Van Centre Guildford,309424,Active,England,Lookers
Lookers Volkswagen Van Centre Newcastle,309424,Active,England,Lookers
Lookers Volkswagen Van Centre Teesside,309424,Active,England,Lookers
Lookers Volkswagen Walton,309424,Active,England,Lookers
Lookers Volvo Bishop’s Stortford,309424,Active,England,Lookers
Lookers Volvo Chelmsford,309424,Active,England,Lookers
Lookers Volvo Colchester,309424,Active,England,Lookers
Lookers Volvo Glasgow,309424,Active,Scotland,Lookers
Lookers Volvo Stockport,309424,Active,England,Lookers
Mercedes-Benz Of Ashford,309424,Active,England,Lookers
Mercedes-Benz Of Brighton,309424,Active,England,Lookers
Mercedes-Benz Of Canterbury,309424,Active,England,Lookers
Mercedes-Benz Of Eastbourne,309424,Active,England,Lookers
Mercedes-Benz Of Gatwick,309424,Active,England,Lookers
Mercedes-Benz Of Maidstone,309424,Active,England,Lookers
Mercedes-Benz Of Shrewsbury,309424,Active,England,Lookers
Mercedes-Benz Of Stafford,309424,Active,England,Lookers
Mercedes-Benz Of Stoke,309424,Active,England,Lookers
Mercedes-Benz Of Stourbridge,309424,Active,England,Lookers
Mercedes-Benz Of Tonbridge,309424,Active,England,Lookers
Mercedes-Benz Of Wolverhampton,309424,Active,England,Lookers
Mercedes-Benz Of Worcester,309424,Active,England,Lookers
Newcastle Audi,309424,Active,England,Lookers
Polestar Glasgow,309424,Active,Scotland,Lookers
Polestar Wilmslow,309424,Active,England,Lookers
Smart Of Brighton,309424,Active,England,Lookers
Smart Of Maidstone,309424,Active,England,Lookers
Teesside Audi,309424,Active,England,Lookers
Tyneside Audi,309424,Active,England,Lookers
Wearside Audi,309424,Active,England,Lookers
